name,category,price,sizes,colors,description,stock
Prove Reebok,Zapatos,182.51,"40, 39, 38",blanco,Him administration in computer.,34
Degree Puma,Ropa,22.55,"S, XL","azul, amarillo",Try school whatever author hear commercial entire speak.,38
Music H&M,Ropa,72.68,"M, XL, L",blanco,Wonder among design behavior use every.,45
Campaign Nike,Ropa,157.37,"M, XL, S, L","blanco, rojo",Would international point truth hit picture chair.,41
Later Adidas,Zapatos,77.64,"38, 43, 39","rojo, blanco",Successful approach gas easy within small traditional.,6
Common Nike,Zapatos,168.0,"40, 39, 41, 42","gris, amarillo, azul",Political watch trade owner oil across then.,21
Worker Puma,Ropa,111.76,"M, XL, L","verde, negro, gris",Provide pay already always necessary.,43
Myself Levis,Zapatos,110.4,38,"blanco, azul, gris",Message event address this cause employee.,47
East Puma,Ropa,74.96,"XL, L, M, S","blanco, azul, rojo",Start people he either bring in group.,45
Choice Nike,Ropa,58.45,"L, S, XL",gris,Simply decide project country.,11
Despite Adidas,Ropa,145.41,"S, XL, M","verde, negro, blanco",Citizen significant from risk office.,5
First Reebok,Ropa,137.49,"L, XL, M, S","gris, amarillo, azul",Public her front never physical few piece option.,47
Church Zara,Zapatos,132.44,"40, 38",blanco,Discussion head benefit right.,39
Lose Reebok,Zapatos,157.09,"41, 43, 42, 38","negro, blanco",College list but far term above whether.,11
Relate Zara,Ropa,120.12,"M, XL, S, L","rojo, negro, verde",Article statement answer black.,40
Everything Levis,Zapatos,89.57,"42, 39","blanco, rojo, azul",Establish seat most child board environmental.,5
Form H&M,Ropa,164.55,"S, L, XL, M","negro, amarillo",Poor them such leave worker relate.,10
Energy Puma,Zapatos,118.13,"39, 40, 38","amarillo, rojo",Peace under buy game hard.,34
Yet Levis,Zapatos,155.47,"43, 42",verde,Senior improve TV camera play idea paper.,32
Nature H&M,Zapatos,92.97,"39, 41",negro,Business type down part.,6
Peace H&M,Ropa,90.23,"S, XL, L",rojo,Themselves compare certain knowledge day first.,17
Close Nike,Zapatos,181.08,"41, 38",verde,Thank structure issue sometimes off.,34
Hotel Nike,Zapatos,117.48,"43, 38","blanco, verde, rojo",Wrong possible down ask PM someone.,16
Rest Zara,Zapatos,136.93,"38, 39, 42","gris, blanco, negro",Old age walk need simply thank apply.,16
Long Puma,Zapatos,197.94,"43, 42","negro, gris",Hundred experience look even smile lawyer.,35
Because Nike,Ropa,138.3,"M, L, S","azul, negro, blanco",He official collection fast rock poor pull hand.,23
Recently Nike,Zapatos,128.25,"42, 38","blanco, rojo",The food how picture impact.,17
Table Levis,Zapatos,173.17,"41, 42, 43","rojo, amarillo, azul",Live white bank shoulder either dark light night.,11
Growth H&M,Ropa,143.31,"S, XL, L","verde, rojo, azul",Send stock out something wear fish.,12
Indeed H&M,Zapatos,139.14,"41, 43","rojo, azul",Difficult item drop top.,23
Physical Zara,Ropa,160.55,"XL, M, L, S","gris, rojo",Say owner other policy yes.,20
Teacher Levis,Ropa,196.4,XL,amarillo,There back give question reason number reveal.,35
Clearly Nike,Ropa,95.97,"XL, S","rojo, gris",Then look direction individual reflect western such recognize.,29
Study Nike,Ropa,34.59,"L, XL, M, S","azul, negro",Different get and part consider administration first.,40
Black Adidas,Ropa,119.68,XL,"verde, blanco",Vote sign human face their.,44
Nearly Adidas,Ropa,102.65,M,"amarillo, rojo",Form film find need form computer himself.,22
Create H&M,Ropa,82.19,"L, XL, M",amarillo,Already control two nearly work miss.,45
Mean Nike,Zapatos,22.74,"38, 39, 41, 43","verde, blanco",Health night entire executive high serve hair.,23
What Levis,Zapatos,141.35,43,"amarillo, azul",Thousand full hope range customer boy.,49
Argue Levis,Ropa,152.58,L,"gris, azul, verde",Bill speech enjoy wind either tend radio former.,11
Tv H&M,Zapatos,163.04,"38, 43, 40, 39","rojo, azul, blanco",Push color ball job strategy.,37
Window Nike,Ropa,190.19,"L, S, XL, M","negro, blanco",Edge movie message system pattern quickly pay.,39
National Puma,Ropa,67.4,"S, L","verde, rojo, blanco",Give report away entire sense deal.,45
Process Zara,Ropa,185.82,"XL, S","negro, rojo",Detail already another trip left traditional.,30
Support Reebok,Zapatos,34.18,"38, 40, 41","rojo, azul",Tree prove yard.,21
Help Adidas,Ropa,152.14,L,rojo,Onto argue weight TV heart threat.,18
Example Zara,Ropa,117.89,M,"gris, verde, negro",Store occur else seat heavy few important.,34
That Reebok,Zapatos,23.71,"39, 40","rojo, gris",College author ok movement choice church.,15
Cost Zara,Ropa,98.66,"S, XL","gris, negro, azul",Pressure military off second.,26
Argue Adidas,Ropa,50.62,"L, XL","negro, azul, amarillo",Including fall series rise skin page first.,34
Create Nike,Zapatos,153.1,"41, 38, 40, 39","blanco, azul, gris",Six production room rest beautiful close dog official.,48
Ever Zara,Zapatos,138.64,42,"azul, rojo",Miss who quality.,5
Guess Zara,Ropa,33.56,"XL, S, M","negro, gris",Box sport record occur sit build than through.,20
Term Levis,Ropa,153.5,L,gris,Media among easy professor material program.,28
Development Nike,Ropa,157.35,"S, L, XL, M","gris, amarillo",Meeting as kid pattern source radio.,10
Member H&M,Ropa,134.27,"L, S, XL","negro, verde, amarillo",Individual item Republican very writer form source.,50
Us Puma,Ropa,42.2,"XL, S, L, M","rojo, blanco, verde",Use art lose parent.,32
Subject Nike,Ropa,192.66,"S, L, M, XL","azul, rojo",Everyone religious goal.,10
Art Zara,Ropa,151.64,"S, XL, M, L","rojo, amarillo, negro",End explain accept bit south.,34
Ahead Levis,Zapatos,84.75,"41, 39","azul, negro",The case field develop do.,11
Foreign Adidas,Zapatos,121.85,"38, 39, 42",blanco,Man section day later view.,43
Within Zara,Zapatos,192.12,"38, 40, 42, 43","negro, blanco, gris",Performance picture statement local support laugh discover health.,6
Explain Reebok,Ropa,67.23,L,"gris, negro",Interview reflect can memory senior tough if money.,17
Top Reebok,Ropa,123.9,"S, L","gris, negro",Mother process doctor effect Republican like.,11
Measure Levis,Ropa,128.72,"S, XL",rojo,Relationship decide draw message.,50
Sound Puma,Ropa,149.77,"L, S, XL, M","azul, verde",Finish president forward nothing.,8
Bad Adidas,Zapatos,61.29,"39, 42",gris,Reason four top case.,20
Remember Puma,Ropa,137.89,M,"azul, amarillo, gris",Stuff level effect room allow pressure responsibility.,49
Decide H&M,Zapatos,176.57,"38, 39","negro, azul, verde",Television fill concern likely simple bad avoid.,43
Group Adidas,Ropa,114.9,S,azul,Entire lead offer.,25
Until Levis,Ropa,96.73,L,"negro, gris, amarillo",Find why opportunity.,26
Seven Levis,Ropa,120.44,L,"azul, amarillo",You white class cup and order.,14
Guy H&M,Ropa,151.13,"M, L, XL, S","negro, blanco, gris",Mother father much decide.,45
Person Nike,Zapatos,177.48,"43, 42, 40","azul, negro, verde",Performance far evidence.,7
Lead Nike,Zapatos,52.1,43,negro,Book your eat science together.,46
Responsibility Nike,Ropa,126.16,L,"gris, azul",Information kitchen impact they.,8
Response Zara,Zapatos,191.38,"43, 38, 41, 39",negro,Want debate real newspaper tonight near high practice.,11
Note Zara,Zapatos,186.95,"43, 40",amarillo,American research room start.,25
Spring Adidas,Zapatos,120.34,"38, 39","verde, rojo",Writer actually million bank.,13
Behind Levis,Zapatos,40.83,"40, 38",gris,Safe listen suddenly seem.,7
Matter Nike,Zapatos,101.78,"42, 41, 43, 40","azul, negro, rojo",Fish scientist do.,13
Evidence Nike,Zapatos,157.9,40,negro,Item detail page try.,28
So Puma,Ropa,179.73,"L, M","rojo, amarillo",Him marriage perform speak meet politics order newspaper.,37
Record Levis,Ropa,27.71,XL,"gris, verde, rojo",Would cold national.,16
Form Puma,Ropa,63.42,"M, S","verde, azul, negro",Fly push factor piece summer player.,9
Present Adidas,Ropa,132.1,"L, XL, M, S",negro,Even game century my language beat three training.,19
Cell Levis,Zapatos,115.12,"43, 42","gris, verde, azul",Chair oil lot law.,42
Best Puma,Zapatos,140.38,"41, 42",blanco,Character debate more point sea.,6
Drop Zara,Ropa,94.17,"XL, M",verde,Such eight affect campaign hospital through.,23
Even Levis,Ropa,163.18,L,rojo,Art among me third return difference.,25
System Reebok,Zapatos,65.31,40,"blanco, negro",Account manager ability ability college blood.,41
Heavy Reebok,Ropa,27.99,L,blanco,Eye soon could long nothing front.,30
Body Levis,Zapatos,174.34,"43, 38, 41","amarillo, negro",Mrs produce week keep keep research world.,37
Debate H&M,Zapatos,121.67,"38, 40, 43",amarillo,House across become already side attorney.,29
Feeling Reebok,Zapatos,183.31,"38, 43, 40, 42","verde, blanco, gris",Note available quickly girl become consumer.,34
Training Puma,Zapatos,133.02,39,"verde, amarillo, azul",Left close long beat production strategy consumer.,34
Current Zara,Ropa,155.58,"M, L, XL",negro,Month several response thought right that may nothing.,22
She H&M,Zapatos,55.63,39,blanco,Dream wrong key avoid energy reflect.,35
Field H&M,Zapatos,84.78,"41, 38","verde, gris",Treat modern a similar wish.,43
Dinner Puma,Zapatos,62.67,42,azul,Collection suffer focus TV sell.,26
